{
  "nodeLayouts": {
    "inputs": {
      "x": 187,
      "y": 62,
      "index": -1
    },
    "outputs": {
      "x": 362,
      "y": 502,
      "index": -1
    },
    "aggregate": {
      "x": 12,
      "y": 502,
      "index": 0
    },
    "calculate": {
      "x": 337.30870225694446,
      "y": 285.08641221788196,
      "index": 1
    },
    "If_standard_answer": {
      "x": 167.70977105034723,
      "y": 152.7098897298177,
      "index": 2
    },
    "calculate_standard_answer": {
      "x": 42.09263780381944,
      "y": 282,
      "index": 3
    },
    "final_result": {
      "x": 187,
      "y": 392,
      "index": 4
    }
  },
  "orientation": "Vertical"
}