{
  "nodeLayouts": {
    "inputs": {
      "x": 187,
      "y": 62,
      "index": -1
    },
    "outputs": {
      "x": 155.75,
      "y": 405.6111145019531,
      "index": -1
    },
    "aggregate": {
      "x": 332.8333740234375,
      "y": 362.55555725097656,
      "index": 0
    },
    "calculate": {
      "x": 155.75,
      "y": 222.27777099609375,
      "index": 1
    }
  },
  "orientation": "Vertical"
}